{
    "NH1NN2E2V4DVHGIM": {
        "key": "NH1NN2E2V4DVHGIM",
        "duration_days": 30,
        "created_at": "2025-02-20T23:57:54.312972",
        "used": false
    },
    "UJZD5GF351FH2NQL": {
        "key": "UJZD5GF351FH2NQL",
        "duration_days": 30,
        "created_at": "2025-02-21T00:50:20.147644",
        "used": false
    },
    "H5TP7CT9DKZQDSSU": {
        "key": "H5TP7CT9DKZQDSSU",
        "duration_days": 30,
        "created_at": "2025-02-21T16:09:13.886884",
        "used": false
    },
    "3N6TEHQ7ASRMXELV": {
        "key": "3N6TEHQ7ASRMXELV",
        "duration_days": 30,
        "created_at": "2025-02-22T14:49:23.189118",
        "used": false
    },
    "4P5NGLZJU549DDIP": {
        "key": "4P5NGLZJU549DDIP",
        "duration_days": 30,
        "created_at": "2025-02-24T12:46:14.193234",
        "used": false
    },
    "072WTOSWEPW24780": {
        "key": "072WTOSWEPW24780",
        "duration_days": 30,
        "created_at": "2025-02-24T12:47:08.988169",
        "used": false
    },
    "MI5FOF9N8Z4RACB9": {
        "key": "MI5FOF9N8Z4RACB9",
        "duration_days": 30,
        "created_at": "2025-02-24T14:28:56.570750",
        "used": true
    },
    "3HNPXC9IDF5XSBE4": {
        "key": "3HNPXC9IDF5XSBE4",
        "duration_days": 30,
        "created_at": "2025-02-24T18:11:57.616489",
        "used": true
    },
    "J9GBW6QGY8ZNZR9Q": {
        "key": "J9GBW6QGY8ZNZR9Q",
        "duration_days": 30,
        "created_at": "2025-02-24T20:12:11.444882",
        "used": true
    }
}