{"EUR/USD": {"pair": "EUR/USD", "price": 1.0478, "strength": 0.9946066360450176, "signal": "STRONG_BUY", "timestamp": "2025-02-24 20:12:31", "trend": "\u2b06\ufe0f RRIT\u00cbSE", "bid": 1.04776, "ask": 1.0478, "is_demo": false}, "EUR/GBP": {"pair": "EUR/GBP", "price": 0.8292, "strength": 0.9911928967593767, "signal": "STRONG_BUY", "timestamp": "2025-02-24 20:14:05", "trend": "\u2b06\ufe0f RRIT\u00cbSE", "bid": 0.82919, "ask": 0.82922, "is_demo": false}, "EUR/JPY": {"pair": "EUR/JPY", "price": 161.00004795519123, "strength": 0.7311517544054165, "signal": "MODERATE_BUY", "timestamp": "2025-02-21T00:18:18.094005", "trend": "\u2b06\ufe0f RRIT\u00cbSE", "bid": 160.9839479503957, "ask": 161.01614795998677, "is_demo": true}, "USD/JPY": {"pair": "USD/JPY", "price": 149.3636557961698, "strength": 0.8217339705468134, "signal": "MODERATE_BUY", "timestamp": "2025-02-21T00:19:23.336312", "trend": "\u2b06\ufe0f RRIT\u00cbSE", "bid": 149.3487194305902, "ask": 149.37859216174942, "is_demo": true}, "AUD/USD": {"pair": "AUD/USD", "price": 0.6526968430618124, "strength": 0.9583793134285226, "signal": "STRONG_BUY", "timestamp": "2025-02-21T00:26:23.427914", "trend": "\u2b07\ufe0f ZBRIT\u00cbSE", "bid": 0.6526315733775062, "ask": 0.6527621127461186, "is_demo": true}, "GBP/USD": {"pair": "GBP/USD", "price": 1.2665, "strength": 0.9417211701008253, "signal": "STRONG_BUY", "timestamp": "2025-02-24 00:35:01", "trend": "\u2b06\ufe0f RRIT\u00cbSE", "bid": 1.26647, "ask": 1.26653, "is_demo": false}, "USD/CHF": {"pair": "USD/CHF", "price": 0.8961, "strength": 0.9649686324851061, "signal": "STRONG_BUY", "timestamp": "2025-02-24 19:05:04", "trend": "\u2b06\ufe0f RRIT\u00cbSE", "bid": 0.89609, "ask": 0.89613, "is_demo": false}}