{
    "1": {
        "text": "hello",
        "sent_by": 7151308102,
        "created_at": "2025-02-20T23:55:29.697670"
    },
    "2": {
        "text": "[teksti_i_sinjalit]",
        "sent_by": 7151308102,
        "created_at": "2025-02-21T00:53:17.686666"
    },
    "3": {
        "text": "[per signale ne forex te sakta i programuar per fitim ju lutem kliko buy licence per te aktivizuar licencen ]",
        "sent_by": 7151308102,
        "created_at": "2025-02-21T15:29:17.066787"
    },
    "4": {
        "text": "[per signale ne forex te sakta i programuar per fitim ju lutem kliko buy licence per te aktivizuar licencen ]",
        "sent_by": 7151308102,
        "created_at": "2025-02-21T15:29:31.281698"
    }
}